{
  "noise_type": "poisson",
  "noise_param": 50.0,
  "train_loss": [
    0.016013233732432124,
    0.009821272654458882,
    0.009308108963072298,
    0.00928804838657379,
    0.009224915202707051,
    0.00906340296380222,
    0.009018921524286272,
    0.009094438312575222,
    0.009092847228050233,
    0.009015401961281894,
    0.009041897078976036,
    0.008948068826459347,
    0.00899100867472589,
    0.008885822722688317,
    0.009031834045425057,
    0.008963376853615045,
    0.00895092454738915,
    0.00889415874518454,
    0.008851418326608835,
    0.008867562439292669,
    0.008925287887454033,
    0.008995023693889378,
    0.008846821719780565,
    0.009015274338424206,
    0.00876408939436078,
    0.008926873750984669,
    0.008803632335737348,
    0.008848537970334292,
    0.008947869349271059,
    0.00886291684396565,
    0.008900133233517408,
    0.00890848501957953,
    0.008714758601039648,
    0.008670054585672915,
    0.008933600182645024,
    0.0089096568133682,
    0.008860756458714604,
    0.008844439132139085,
    0.00872763067856431,
    0.008798876801505685,
    0.00887019083276391,
    0.008809213796630501,
    0.00879646082036197,
    0.00889190304465592,
    0.008820599346421659,
    0.008792323708534241,
    0.008794490365311504,
    0.00865435988549143,
    0.008687252266332508,
    0.008755869150161742
  ],
  "valid_loss": [
    0.009538494621713956,
    0.009114200491458177,
    0.009084824956953525,
    0.00876905515169104,
    0.008959820326417685,
    0.008940600864589214,
    0.008697738417734703,
    0.008696435494348407,
    0.008945753499865532,
    0.00865603653093179,
    0.008668174495299658,
    0.008710308906932671,
    0.00879588257521391,
    0.0086555003374815,
    0.00861153556033969,
    0.008815911443283161,
    0.008409567593286435,
    0.00861981878678004,
    0.008413646171490352,
    0.008382051226993401,
    0.008548574149608612,
    0.008540916846444209,
    0.008421537360797326,
    0.00859019177655379,
    0.008544054881980023,
    0.00852585582062602,
    0.009099798618505399,
    0.008710841505477825,
    0.008768341802060604,
    0.008744110936919848,
    0.008565680490185816,
    0.00833296200570961,
    0.008878202208628257,
    0.0086661950374643,
    0.008725720470150312,
    0.008818384067465861,
    0.008672416433691979,
    0.008452884381016096,
    0.008547668065875768,
    0.008565469291061162,
    0.008773210408786933,
    0.008660627199957768,
    0.008581322388102611,
    0.008767002249757449,
    0.008491127490997315,
    0.008735876797387998,
    0.008592938538640738,
    0.008554225061088801,
    0.008222981207072735,
    0.008386962146808704
  ],
  "valid_psnr": [
    20.60333111445109,
    20.765773741404214,
    20.759639746348064,
    20.924778334299724,
    20.84499844868978,
    20.82220220565796,
    21.02113608042399,
    20.968863773345948,
    20.8485942141215,
    20.98886304219564,
    21.044444287618003,
    20.937079950968425,
    20.910320987701414,
    20.962897186279296,
    21.042845770517985,
    20.890696093241374,
    21.13011666615804,
    20.98356824239095,
    21.12190221786499,
    21.102282778422037,
    21.06952126820882,
    21.025114549001056,
    21.2095166905721,
    20.943234310150146,
    21.035794410705567,
    21.04527900695801,
    20.794676787058513,
    20.955351791381837,
    20.90952533721924,
    20.925949166615805,
    21.011180769602458,
    21.23122969309489,
    20.866336606343587,
    20.92885543823242,
    20.98750643412272,
    20.892522633870442,
    20.95419535954793,
    21.153012917836506,
    21.06883238474528,
    21.033417472839357,
    20.92164202372233,
    21.001086826324464,
    21.00743263244629,
    20.922406374613445,
    21.120028870900473,
    20.869426358540853,
    21.069272696177165,
    21.028329925537108,
    21.18116409301758,
    21.103480593363443
  ]
}