{
  "noise_type": "gaussian",
  "noise_param": 50.0,
  "train_loss": [
    0.04116048080846667,
    0.014449956519529222,
    0.01336399721354246,
    0.013886119004338981,
    0.01316291561163962,
    0.012428900891914963,
    0.013307563295587896,
    0.012779037585482,
    0.012313329646363854,
    0.012450744098052382,
    0.012626936448737979,
    0.012721465196460485,
    0.012968929441645741,
    0.012244541060179472,
    0.012900691432878374,
    0.01224815950728953,
    0.011836746230721474,
    0.011939116908237337,
    0.011945657858625055,
    0.011774102352559565,
    0.012426207644864917,
    0.011642942778766156,
    0.011821485904976725,
    0.012173964615911245,
    0.012082597376778723,
    0.011736972138285636,
    0.011949880957603454,
    0.011650547893717885,
    0.012104855827987194,
    0.011510431360453367
  ],
  "valid_loss": [
    0.015905403681099415,
    0.014896220210939646,
    0.012271582838147879,
    0.013472746331244708,
    0.011573296859860421,
    0.012614106284454465,
    0.012746952250599861,
    0.012578246612101794,
    0.013558269403874874,
    0.013584933523088694,
    0.012402571346610785,
    0.012846073992550373,
    0.013968114759773016,
    0.011682617124170064,
    0.011483957022428513,
    0.012198820300400258,
    0.011925018224865198,
    0.012087818142026663,
    0.01350091014057398,
    0.01167256654240191,
    0.012362692430615425,
    0.011493367617949843,
    0.012592195505276323,
    0.010431594457477331,
    0.010829354673624038,
    0.01012409845367074,
    0.012230550739914178,
    0.011397585133090615,
    0.01181602998636663,
    0.013269122093915939
  ],
  "valid_psnr": [
    18.855284576416015,
    19.24746711730957,
    20.35665761947632,
    20.05382610321045,
    20.90663022994995,
    20.38414584159851,
    20.489939985275267,
    20.312270317077637,
    20.546187019348146,
    20.126640853881835,
    20.789449205398558,
    20.256926593780516,
    20.07803346633911,
    21.39313358306885,
    21.160688953399656,
    21.297745723724365,
    20.88484654426575,
    21.322893171310426,
    20.288189363479614,
    21.20242491722107,
    20.901602611541747,
    21.47822508811951,
    21.04231901168823,
    21.527437200546263,
    21.471953773498534,
    21.795035314559936,
    21.400919189453123,
    21.38982792854309,
    21.05716057777405,
    20.46827410697937
  ]
}